text,summary
"According to a new study published in the Journal of Neuroscience, regular exercise can improve mental health and reduce stress levels. The study, conducted by researchers at Harvard University, found that individuals who engaged in moderate-intensity exercise for at least 30 minutes a day experienced lower levels of anxiety and depression. Additionally, exercise was found to increase levels of serotonin and dopamine, neurotransmitters associated with mood regulation and happiness.","Exercise improves mental health and reduces stress, says study"
"A recent report from the World Health Organization (WHO) highlights the growing threat of antibiotic resistance worldwide. The report warns that without urgent action, common infections and minor injuries could become life-threatening once again. Antibiotic resistance occurs when bacteria develop the ability to survive exposure to antibiotics, rendering the drugs ineffective. Factors contributing to the problem include overuse of antibiotics in humans and animals, as well as poor infection control practices in healthcare settings.","WHO warns of growing threat of antibiotic resistance"
"The European Space Agency (ESA) has announced plans to launch a new mission to study the atmospheres of distant exoplanets. The mission, known as ARIEL (Atmospheric Remote-sensing Infrared Exoplanet Large-survey), will be the first space telescope dedicated to studying the chemical composition and thermal structures of exoplanet atmospheres. Scientists hope that ARIEL will provide valuable insights into the formation and evolution of exoplanets, as well as their potential habitability.","ESA announces new mission to study exoplanet atmospheres"
"Researchers at MIT have developed a new algorithm capable of predicting the onset of wildfires with unprecedented accuracy. The algorithm, which analyzes a combination of satellite imagery, weather data, and historical fire records, can forecast wildfire activity up to several weeks in advance. By providing early warnings, the algorithm could help firefighters and emergency responders better prepare for and mitigate the impact of wildfires.","MIT algorithm predicts wildfires with high accuracy"
"A groundbreaking study published in the journal Nature Communications reveals the discovery of a new species of dinosaur in Argentina. Named Llukalkan aliocranianus, the carnivorous dinosaur roamed the Earth during the Late Cretaceous period. With its unique cranial anatomy, including large air-filled sinus cavities and distinctive ridges on the skull, Llukalkan aliocranianus represents an important addition to our understanding of dinosaur evolution.","New dinosaur species discovered in Argentina"
"An international team of researchers has developed a novel vaccine candidate for COVID-19 that shows promising results in preclinical trials. The vaccine, known as Covax-19, utilizes a recombinant protein-based approach to stimulate an immune response against the SARS-CoV-2 virus. Preclinical studies in animal models have demonstrated robust antibody production and protection against infection. Clinical trials are currently underway to evaluate the safety and efficacy of Covax-19 in humans.","Novel COVID-19 vaccine candidate shows promise in preclinical trials"
"NASA's Perseverance rover has successfully landed on Mars, marking a major milestone in the exploration of the Red Planet. The rover, equipped with a suite of scientific instruments, will search for signs of past microbial life and collect samples for future return to Earth. Perseverance will also test technologies for future human missions to Mars, including producing oxygen from the Martian atmosphere and deploying a helicopter drone for aerial exploration.","Perseverance rover lands on Mars"
"A team of astronomers has discovered a potentially habitable exoplanet orbiting Proxima Centauri, the closest star to the Sun. Named Proxima Centauri b, the planet is located within the star's habitable zone, where conditions may be conducive to liquid water and the existence of life. Further studies are needed to characterize the atmosphere and surface conditions of Proxima Centauri b and assess its potential for habitability.","Potentially habitable exoplanet found orbiting Proxima Centauri"
"Artificial intelligence (AI) researchers have developed a new deep learning model capable of generating highly realistic images of people who do not exist. The model, known as DALL-E (pronounced like ""dolly""), can create unique and diverse portraits of imaginary individuals based on textual descriptions provided by users. DALL-E demonstrates the potential of AI to generate creative and lifelike visual content.","New AI model generates realistic images of nonexistent people"
"An international team of scientists has discovered a new species of orchid in the Amazon rainforest. Named Phalaenopsis amazonica, the orchid features vibrant pink flowers with intricate patterns and delicate petals. The discovery highlights the rich biodiversity of the Amazon region and underscores the importance of conservation efforts to protect fragile ecosystems.","New orchid species discovered in the Amazon rainforest"
